<?xml version='1.0' encoding='utf-8'?>
<streams><stream><date>2025-06-01</date><time>08:30</time><title>Pfarrgottesdienst - YT</title><location>Pfarrkirche Waldkirchen St. Petrus und Paulus</location><url>rtmp://x.rtmp.youtube.com/live2</url><key>3xce-e4sf-kuag-usgp-1a9h</key><video_url>https://youtube.com/live/wcIM_mBR8TE</video_url></stream><stream><date>2025-06-01</date><time>10:00</time><title>Sonntagsmesse - YT</title><location>Pfarrkirche Waldkirchen St. Petrus und Paulus</location><url>rtmp://x.rtmp.youtube.com/live2</url><key>4u9t-yr21-k7ug-6vgf-07dh</key><video_url>https://youtube.com/live/lwgtPfz2sC0</video_url></stream><stream><date>2025-06-04</date><time>08:30</time><title>Messfeier, anschl. Friedensrosenkranz - YT</title><location>Pfarrkirche Waldkirchen St. Petrus und Paulus</location><url>rtmp://x.rtmp.youtube.com/live2</url><key>g5s3-1qh4-y4ua-64pa-fuxm</key><video_url>https://youtube.com/live/m-fOhwER4pY</video_url></stream><stream><date>2025-06-05</date><time>19:00</time><title>Messfeier - YT</title><location>Pfarrkirche Waldkirchen St. Petrus und Paulus</location><url>rtmp://x.rtmp.youtube.com/live2</url><key>yt47-ukp2-y3xy-r0vf-0qdk</key><video_url>https://youtube.com/live/wHUrjtDjFOo</video_url></stream><stream><date>2025-06-07</date><time>19:00</time><title>Vorabend- und Segnungsgottesdienst - YT</title><location>Pfarrkirche Waldkirchen St. Petrus und Paulus</location><url>rtmp://x.rtmp.youtube.com/live2</url><key>c5s0-ubca-y3q0-a8uw-837q</key><video_url>https://youtube.com/live/OyN3bjKRrPE</video_url></stream><stream><date>2025-06-08</date><time>10:00</time><title>Sonntagsmesse - YT</title><location>Pfarrkirche Waldkirchen St. Petrus und Paulus</location><url>rtmp://x.rtmp.youtube.com/live2</url><key>75jq-aq37-84v3-uvs9-4tju</key><video_url>https://youtube.com/live/Bc0gPY45xoY</video_url></stream><stream><date>2025-06-09</date><time>10:00</time><title>Pfarrgottesdienst - YT</title><location>Pfarrkirche Waldkirchen St. Petrus und Paulus</location><url>rtmp://x.rtmp.youtube.com/live2</url><key>c52h-xx1p-agyz-rf0s-4966</key><video_url>https://youtube.com/live/g1Xnk-u8eLE</video_url></stream><stream><date>2025-06-11</date><time>08:30</time><title>Messfeier, anschl. Friedensrosenkranz - YT</title><location>Pfarrkirche Waldkirchen St. Petrus und Paulus</location><url>rtmp://x.rtmp.youtube.com/live2</url><key>6axz-x3p9-msmq-tx53-2zft</key><video_url>https://youtube.com/live/VnSuFOMDs4Q</video_url></stream><stream><date>2025-06-12</date><time>19:00</time><title>Messfeier - YT</title><location>Pfarrkirche Waldkirchen St. Petrus und Paulus</location><url>rtmp://x.rtmp.youtube.com/live2</url><key>z483-89wb-fcyy-b8gs-6fav</key><video_url>https://youtube.com/live/qYJOr6PLT0k</video_url></stream><stream><date>2025-06-14</date><time>19:00</time><title>Vorabendmesse - YT</title><location>Pfarrkirche Waldkirchen St. Petrus und Paulus</location><url>rtmp://x.rtmp.youtube.com/live2</url><key>hhtz-ewvm-bb2c-56b6-csv2</key><video_url>https://youtube.com/live/rqDSjzkSXQg</video_url></stream><stream><date>2025-06-15</date><time>10:00</time><title>Pfarrgottesdienst - YT</title><location>Pfarrkirche Waldkirchen St. Petrus und Paulus</location><url>rtmp://x.rtmp.youtube.com/live2</url><key>8hva-q2c9-cgre-7eg5-6ejg</key><video_url>https://youtube.com/live/krPE7yfMBXc</video_url></stream><stream><date>2025-06-18</date><time>08:30</time><title>Messfeier, anschl. Friedensrosenkranz - YT</title><location>Pfarrkirche Waldkirchen St. Petrus und Paulus</location><url>rtmp://x.rtmp.youtube.com/live2</url><key>16m7-2dyt-pqj7-ajh0-952y</key><video_url>https://youtube.com/live/olTjfDoMXD4</video_url></stream><stream><date>2025-06-19</date><time>08:30</time><title>Pfarrgottesdienst zum Fronleichnamsfest - YT, anschl. Fronleichnamsprozession</title><location>Pfarrkirche Waldkirchen St. Petrus und Paulus</location><url>rtmp://x.rtmp.youtube.com/live2</url><key>c8cm-m2gz-k0q7-yaed-8c1j</key><video_url>https://youtube.com/live/LzkVRdYXPUQ</video_url></stream></streams>